Animal,Cell_Type,value
DGA0 AxLn,CD16 NK,1.063890592
DGA0 AxLn,CD56 NK,0.938017637
DGA0 AxLn,DN NK,0.325551998
DGA0 MesLN,CD16 NK,0.333786282
DGA0 MesLN,CD56 NK,1.642793799
DGA0 MesLN,DN NK,0.432463331
DGF5 AxLN,CD16 NK,0.262171939
DGF5 AxLN,CD56 NK,1.036575616
DGF5 AxLN,DN NK,0.115613795
G45T AxLN,CD16 NK,0.792454048
G45T AxLN,CD56 NK,0.606903399
G45T AxLN,DN NK,0.094983419
G45T IngLN,CD16 NK,0.791029105
G45T IngLN,CD56 NK,0.666264268
G45T IngLN,DN NK,0.745904977