Animal,Cell_Type,value
DGA0 AxLn,CD16 NK,1.05857114
DGA0 AxLn,CD56 NK,0.933327549
DGA0 AxLn,DN NK,0.323924238
DGF5 AxLN,CD16 NK,0.259987173
DGF5 AxLN,CD56 NK,1.027937487
DGF5 AxLN,DN NK,0.114650347
G45T AxLN,CD16 NK,0.549434807
G45T AxLN,CD56 NK,0.420786357
G45T AxLN,DN NK,0.065855171
TID AxLN,CD16 NK,3.233333333
TID AxLN,CD56 NK,1.025
TID AxLN,DN NK,0.483333333
