Animal,Cell_Type,value
DGA0 AxLn,CD16 NK,50.05
DGA0 AxLn,CD56 NK,0.658333333
DGA0 AxLn,DN NK,2.683333333
DGA0 MesLN,CD16 NK,96.12
DGA0 MesLN,CD56 NK,2
DGA0 MesLN,DN NK,1.84
DGF5 AxLN,CD16 NK,72.05128205
DGF5 AxLN,CD56 NK,0.882051282
DGF5 AxLN,DN NK,1.012820513
G45T AxLN,CD16 NK,28
G45T AxLN,CD56 NK,3.272727273
G45T AxLN,DN NK,4.445454545
G45T IngLN,CD16 NK,13.34615385
G45T IngLN,CD56 NK,2.269230769
G45T IngLN,DN NK,5.811538462