Animal,Cell_Type,value
DGA0 AxLn,CD16 NK,1.044874129
DGA0 AxLn,CD56 NK,1.037932542
DGA0 AxLn,DN NK,1.077916506
DGA0 MesLN,CD16 NK,1.027986381
DGA0 MesLN,CD56 NK,0.968908932
DGA0 MesLN,DN NK,1.0311481
DGF5 AxLN,CD16 NK,1.003193829
DGF5 AxLN,CD56 NK,1.006112042
DGF5 AxLN,DN NK,1.078158914
G45T AxLN,CD16 NK,1.147235765
G45T AxLN,CD56 NK,1.070237584
G45T AxLN,DN NK,1.180444379
G45T IngLN,CD16 NK,1.068481067
G45T IngLN,CD56 NK,1.058045352
G45T IngLN,DN NK,1.155571135