Animal,Cell_Type,value
DGA0 AxLn,CD16 NK,93.30725972
DGA0 AxLn,CD56 NK,92.68737602
DGA0 AxLn,DN NK,96.25794398
DGF5 AxLN,CD16 NK,92.19351292
DGF5 AxLN,CD56 NK,92.46169667
DGF5 AxLN,DN NK,99.08280418
G45T AxLN,CD16 NK,94.64695058
G45T AxLN,CD56 NK,88.29460071
G45T AxLN,DN NK,97.3866613
TID AxLN,CD16 NK,65.65
TID AxLN,CD56 NK,83.5
TID AxLN,DN NK,91
