Animal,Cell_Type,value
DGA0,CD16 NK,1.692192192
DGA0,CD56 NK,0.122222222
DGA0,DN NK,1.626126126
DGF5,CD16 NK,4.549763033
DGF5,CD56 NK,2.222748815
DGF5,DN NK,4.014218009
G45T,CD16 NK,4.504950495
G45T,CD56 NK,1.141089109
G45T,DN NK,3.388613861