Animal,Cell_Type,6hr_pos_out_of_5min_neg,entry_rate_6hr
DGF5,T Cell,25.1,4.183333333
DGF5,CD16 NK,,16.26666667
DGF5,CD16 NK,,14.03333333
DGF5,CD56 NK,,7.033333333
DGF5,CD56 NK,,6.75
DGF5,DN NK,,14.1
DGF5,DN NK,,10.03333333
G45T,T Cell,34.1,5.683333333
G45T,CD16 NK,,13.65
G45T,CD16 NK,,7.95
G45T,CD56 NK,,6.1
G45T,CD56 NK,,3.916666667
G45T,DN NK,,11.6
G45T,DN NK,,3.7